	year	to_country_id	to_country	performer	song	place_contest	sf_num	running_final	running_sf	place_final	points_final	place_sf	points_sf	points_tele_final	points_jury_final	points_tele_sf	points_jury_sf	composers	lyricists	lyrics	youtube_url	is_last	spotify_links
325	1977	fr	France	Marie Myriam	L'oiseau Et L'enfant	1.0		18.0		1.0	136.0							Jean-Paul Cara	Joe Gracy	Comme un enfant aux yeux de lumière\nQui voit passer au loin les oiseaux\nComme l'oiseau bleu survolant la terre\nVois comme le monde... le monde est beau\n\nBeau, le bateau dansant sur les vagues\nIvre de vie, d'amour et de vent\nBelle, la chanson naissante des vagues\nAbandonnée au sable blanc\n\nBlanc, l'innocent, le sang du poète\nQui en chantant invente l'amour\nPour que la vie s'habille de fête\nEt que la nuit se change en jour\n\nJour d'une vie où l'aube se lève\nPour réveiller la ville aux yeux lourds\nOù les matins effeuillent les rêves\nPour nous donner un monde d'amour\n\nL'amour, c'est toi; l'amour, c'est moi\nL'oiseau, c'est toi; l'enfant, c'est moi\n\nMoi, je ne suis qu'une fille de l'ombre\nQui voit briller l'étoile du soir\nToi, mon étoile, qui tisses ma ronde\nViens allumer mon soleil noir\n\nNoirs, la misère, les hommes et la guerre\nQui croient tenir les rênes du temps\nPays d'amour n'a pas de frontière\nPour ceux qui ont un cœur d'enfant\n\nComme un enfant aux yeux de lumière\nQui voit passer au loin les oiseaux\nComme l'oiseau bleu survolant la terre\nNous trouverons ce monde d'amour\n\nL'amour, c'est toi; l'amour, c'est moi\nL'oiseau, c'est toi; l'enfant, c'est moi\n\nL'oiseau, c'est toi; l'enfant, c'est moi\nL'oiseau, c'est toi; l'enfant, c'est moi	https://youtube.com/watch?v=ny_YsJUVdBg	False	https://open.spotify.com/embed/track/7Hy0CZtFcREucLDXB5jp6m?utm_source=generator
342	1977	se	Sweden	Forbes	Beatles	18.0		13.0		18.0	2.0							Claes Bure	Sven-Olof Bagge	Beatles gav oss sin musik, 'Yesterday', vad den var fin\nAlla älska' melodin, yeah yeah yeah...\n\nNär skivor kom då gick det larm\nGrammofonen den gick varm\nAlla föll för Beatles charm, yeah yeah yeah...\n\nMånga gick och nynna' på\n'A Hard Day's Night' fast de var små\nFarfars far kan ge svar vem de var\nBeatles, Beatles\n\nVärlden var en stor estrad och där stod vi rad i rad\nNjöt av varje fin ballad, yeah yeah yeah...\n\nBeatles gav oss sin musik, flickor tjöt i vilda skrik\nAlla skivor har vi kvar, vi ska minnas Ringo Starr\nOch George och Paul och John\n\nFarfars far, kan ge svar vem de var\nBeatles, Beatles\n\nVärlden var en stor estrad och där stod vi rad i rad\nNjöt av varje fin ballad, yeah yeah yeah...\n\nBeatles gav oss sin musik, flickor tjöt i vilda skrik\nAlla skivor har vi kvar, vi ska minnas Ringo Starr\nOch George och Paul och John	https://youtube.com/watch?v=OrFg4nyBeAE	True	https://open.spotify.com/embed/track/1LiPcvWAEMC4AMUnHDbppP?utm_source=generator
343	1978	il	Israel	Izhar Cohen and the Alphabeta	A-Ba-Ni-Bi	1.0		18.0		1.0	157.0							Nurit Hirsh	Ehud Manor	A-ba-ni-bi o-bo-he-bev\nA-ba-ni-bi o-bo-he-bev o-bo-ta-bach\nA-ba-ni-bi o-bo-he-bev\nA-ba-ni-bi o-bo-he-bev o-bo-ta-bach\nA-ba-ni-bi o-bo-he-bev\nO-bo-he-bev o-bo-ta-bach\n\nKeshehayinu yeladim\nAhavnu besodei sodot\nEl mi hayinu nechmadim?\nRak ledodim uledodot\n\nVehabanot hamiskenot savlu\nHametukot, hen rak makot kiblu\nVe'et ma shehirgashnu be'emet\nLachashnu rak bisfat haBet\n\nA-ba-ni-bi o-bo-he-bev\nA-ba-ni-bi o-bo-he-bev o-bo-ta-bach\nA-ba-ni-bi o-bo-he-bev\nA-ba-ni-bi o-bo-he-bev o-bo-ta-bach\n\nAhava hi mila yafa\nHi tfila yafa, hi safa\nAhava hi elai tova\nHi tamid titgaber\nUbisfat ahava nedaber\n\nA-ba-ni-bi o-bo-he-bev\nA-ba-ni-bi o-bo-he-bev o-bo-ta-bach\nA-ba-ni-bi o-bo-he-bev\nA-ba-ni-bi o-bo-he-bev o-bo-ta-bach\n\nAni cholem vekam shalosh milim\nUmahu ha'olam? –  Shalosh milim\nVeze ma she'ani margish ka'et\nMamash kmo az, bisfat haBet\n\nA-ba-ni-bi o-bo-he-bev\nA-ba-ni-bi o-bo-he-bev o-bo-ta-bach\nA-ba-ni-bi o-bo-he-bev\nA-ba-ni-bi o-bo-he-bev o-bo-ta-bach\n\nA-ba-ni-bi o-bo-he-bev\nA-ba-ni-bi o-bo-he-bev o-bo-ta-bach\nA-ba-ni-bi o-bo-he-bev\nA-ba-ni-bi o-bo-he-bev o-bo-ta-bach\n\nA-ba-ni-bi o-bo-he-bev\nA-ba-ni-bi o-bo-he-bev o-bo-ta-bach	https://youtube.com/watch?v=QvZS6tnZKMU	False	?
362	1978	no	Norway	Jahn Teigen	Mil Etter Mil	20.0		2.0		20.0	0.0							Kai Eide		Hvil deg nå, du er sliten\nHvil din kropp før din kraft ebber ut\nVann pipler inn i dine sko\nDu vandrer i regn\n\nMil etter mil etter mil\nEtter mil etter mil etter mil\n\nSøk mot meg hvis du lengter\nRett ditt sinn mot et annet sted\nKomm hit hvor jeg er, hvor solen er nær\nDu må ikke gå\n\nMil etter mil etter mil\nEtter mil etter mil etter mil\n\nOg det er langt å gå\nDet er lengselen som driver deg\nMot et lys som du kan se\nMen ikke jeg\n\nTenk deg om nå\nHvor farer du hen\nDu har vandret altfor lenge\n\nMil etter mil etter mil\nEtter mil etter mil etter mil\n\nTenk deg om nå\nHvor farer du hen\nDu har vandret altfor lenge\n\nMil etter mil etter mil\nEtter mil etter mil etter mil\nEtter mil etter mil etter mil\nEtter mil etter mil etter mil\nEtter mil	https://youtube.com/watch?v=dVj8tlXQ1Vg	True	https://open.spotify.com/embed/track/2tbNnbDM8vcGxlPqzyQHNj?utm_source=generator
363	1979	il	Israel	Milk and Honey	Hallelujah	1.0		10.0		1.0	125.0							Kobi Oshrat	Shimrit Orr	Hallelujah la'olam\nHallelujah, yashiru kulam\nBemila achat bodeda\nHalev male bahamon toda\nVeholem gam hu: eize olam nifla\n\nHallelujah im hashir\nHallelujah al yom sheme'ir\nHallelujah al ma shehaya\nUma she'od lo haya\nHallelujah\n\nHallelujah la'olam\nHallelujah, yashiru kulam\nVeha'inbalim hagdolim\nYehadhedu bahamon tslilim\nVe'itanu hem yomru Hallelujah\n\nHallelujah im hashir\nHallelujah al yom sheme'ir\nHallelujah al ma shehaya\nUma she'od lo haya\nHallelujah\n\nHallelujah al hakol\nHalelu al machar ve'etmol\nHallelujah utnu yad beyad\nVeshiru milev echad\nHallelujah\n\nHallelujah im hashir\nHallelujah al yom sheme'ir\nHallelujah al ma shehaya\nUma she'od lo haya\nHallelujah\n\nHallelujah al ma shehaya\nUma she'od lo haya\nHallelujah	https://youtube.com/watch?v=C33kO3fvjkI	False	?
380	1979	be	Belgium	Micha Marah	Hey Nana	18.0		12.0		18.0	5.0							Charles Dumolin	Guy Beyers	Hé, kom je mee?\nBlijf je hier bij mij vannacht?\n'k Heb al zo lang op jou gewacht\nHé, weet je wel?\n't Is nu tijd voor 't grote spel\nJij wordt nu mijn pantoffelheld\n\nJij neemt me in je armen\nEn je draagt me in ons huis\nIk zal altijd heel lief voor je zijn\n\nZou dat niet heerlijk zijn voor jou en mij?\nZo'n heel klein huisje voor ons allebei\nWaarin we heel gelukkig zouden zijn\nEn als je 's avonds na je werk verschijnt\n\nDan roep ik:\nHey hey... nanana... nana nana...\nHey hey... nanana... nana nana...\nJij neemt me in je armen\nEn je draagt me in ons huis\n\nZo zie je maar\nZo komt alles voor mekaar\nWij worden samen nu een paar\nIk zorg voor jou\nNet zoals jij zorgt voor mij\nEn ons geluk gaat nooit voorbij\n\nJij neemt me in je armen\nEn je draagt me in ons huis\nIk zal altijd heel lief voor je zijn\n\nZou dat niet heerlijk zijn voor jou en mij?\nZo'n heel klein huisje voor ons allebei\nWaarin we heel gelukkig zouden zijn\nEn als je 's avonds na je werk verschijnt\n\nDan roep ik:\nHey hey... nanana... nana nana...\nHey hey... nanana... nana nana...\nJij neemt me in je armen\nEn je draagt me in ons huis\n\nHey hey... nanana... nana nana...\nHey hey... nanana... nana nana...\nHey hey... nanana... nana nana...\nHey hey... nanana... nanana na...	https://youtube.com/watch?v=kHKjdkduPNI	True	?
381	1979	at	Austria	Christina Simon	Heute In Jerusalem	18.0		18.0		18.0	5.0							Peter Wolf	André Heller	Erhebt euch, tut ab den Schlaf\nIn dieser Zeit der bitteren Früchte\nÜbt Freunde eure Wachsamkeit\nDem Weinen und der Angst zu wehren\n\nSeht, aus der Kühle hoher Luft\nDa fallen hundert Monde\nAls Zeichen für den Neubeginn\nAls Sinn wider den Widersinn\n\nUnd heute in Jerusalem\nEndlich in Jerusalem\nAtem holen und besinnen\nUnd heute in Jerusalem\nFriede für Jerusalem\n\nSeht, aus der Kühle hoher Luft\nDa fallen hundert Monde\nAls Zeichen für den Neubeginn\nAls Sinn wider den Widersinn\n\nUnd heute in Jerusalem\nEndlich in Jerusalem\nAtem holen und besinnen\nUnd heute in Jerusalem\nFriede für Jerusalem	https://youtube.com/watch?v=X3w26dtqpZY	True	-
382	1980	ie	Ireland	Johnny Logan	What's Another Year	1.0		17.0		1.0	143.0							Shay Healy		I've been waitin' such a long time\nLookin' out for you, but you're not here\nWhat's another year?\n\nI've been wakin' such a long time\nReachin' out for you, but you aren't near\nWhat's another year?\n\nWhat's another year\nFor someone who's lost everything that he owns?\nWhat's another year\nFor someone who's gettin' used to bein' alone?\n\nI've been prayin' such a long time\nIt's the only way to hide the fear\nWhat's another year?\n\nWhat's another year\nFor someone who's lost everything that he owns?\nWhat's another year\nFor someone who's gettin' used to bein' alone?\n\nI've been cryin' such a long time\nWith such a lot of pain in every tear\nWhat's another year\n(For someone who is getting used to being alone?)\nWhat's another year\n(For someone who is getting used to being alone?)\nWhat's another year\n(For someone who is getting used to being alone?)	https://youtube.com/watch?v=BPOwTXWe-Yw	False	https://open.spotify.com/embed/track/3xGXaTsKtS55UZiWgcXlu8?utm_source=generator
400	1980	fi	Finland	Vesa-Matti Loiri	Huilumies	19.0		10.0		19.0	6.0							Aarno Raninen	Veikko 'Vexi' Salmi	On tässä huilu ja huilumies\nEn täytä mittaa normien\nSormien soutelun huoleni huilutan\nJos en lausein tunteita tulkita voi\nNiille varmasti huilu soi\nJa niistä sielun soinnut pienoisen lauluni loi\n\nOn siinä aamun kastehelmien tuoksu\nOn kevät lämmin vuoripuron juoksu\nKaiken sen minkä aistin huiluni soi\nOn siinä hiiltyvä ilta, auringon rusko\nParempien päivien sammumaton usko\nOn syksyn kuolevaa ruskaa, on elämä tuskaa\nSen huiluni soi\n\nOn tässä huilu ja huilumies\nMä näen luonnon tauluna lauluna teille sen kaiken mä soinnutan\nJa näin riemut, surut ja arkikin soi\nJos en tuntea oikein voi\nOn joka pettymys, nauru sykkivät sointuni loi\n\nOn siinä päiväperhon leikkivä liito\nSammuvan tähden öinen viime kiito\nKaiken sen minkä aistin huiluni soi\nOn siinä tuiskuvan talven hyytävä halla\nIhmisen pienuus kaikkeuden alla\nOn syksyn kuolevaa ruskaa, on elämä tuskaa\nSen huiluni soi\n\nOn siinä päiväperhon leikkivä liito\nSammuvan tähden öinen viime kiito\nKaiken sen minkä aistin huiluni soi\nOn siinä tuiskuvan talven hyytävä halla\nIhmisen pienuus kaikkeuden alla\nOn syksyn kuolevaa ruskaa, on elämä tuskaa\nSen huiluni soi	https://youtube.com/watch?v=MaBhx84GA8g	True	https://open.spotify.com/embed/track/4eyxjL6wFEfF0xudWnFr32?utm_source=generator
401	1981	gb	United Kingdom	Bucks Fizz	Making Your Mind Up	1.0		14.0		1.0	136.0							John Danter	Andy Hill	You gotta speed it up\nAnd then you gotta slow it down\n'Cause if you believe that our love can hit the top\nYou gotta play around\nBut soon you will find that there comes a time\nFor making your mind up\n\nYou gotta turn it on\nAnd then you gotta put it out\nYou gotta be sure that it's something\nEverybody's gonna talk about\nBefore you decide that the time's arrived\nFor making your mind up\n\nDon't let your indecision\nTake you from behind\nTrust your inner vision\nDon't let others change your mind\n\nAnd now you really gotta burn it up\nAnd make another fly by night\nGet a run for your money\nAnd take a chance and it'll turn out right\nBut when you can see how it's gotta be\nYou're making your mind up\n\nAnd try to look as if you don't care less\nBut if you wanna see some more\nBending the rules of the game\nWill let you find the one you're looking for\nAnd then you can show that you think you know\nYou're making your mind up\n\nDon't let your indecision\nTake you from behind\nTrust your inner vision\nDon't let others change your mind\n\nAnd now you really gotta speed it up\nAnd then you gotta slow it down\n'Cause if you believe that our love can hit the top\nYou gotta play around\nBut soon you will find that there comes a time\nFor making your mind up\n\nAnd now you really gotta speed it up\nAnd then you gotta slow it down\n'Cause if you believe that our love can hit the top\nYou gotta play around\nBut soon you will find that there comes a time\nFor making your mind up\nFor making your mind up\nFor making your mind up\nFor making your mind up	https://youtube.com/watch?v=62SrA5hCmkE	False	https://open.spotify.com/embed/track/0Azn2vpP3Sbs8qAG8e1KUc?utm_source=generator
420	1981	no	Norway	Finn Kalvik	Aldri i Livet	20.0		13.0		20.0	0.0							Finn Kalvik		(Aldri i livet, aldri i livet)\n\nDaggryet nynner en myk sorgløs sang\nSom da jeg så deg for første gang\nI dine tidløse øyne fins svar\nSom ingen andre jeg kjenner har\n\nHver gang jeg drar herfra, tenker du på meg da?\nHver gang jeg drar herfra, glem ikke løftet jeg ga:\n\nAldri i livet har jeg tenkt på å reise ifra deg\nAldri i livet, min venn, før jeg slår følge med vinden\n\nAldri i livet har jeg tenkt på å reise ifra deg\nAldri i livet, min venn, før jeg slår følge med vinden\n\nDu har gitt livet en ny harmoni\nTiden i ensomhet er forbi\nJeg har vært blindet, men nå kan jeg se\nElskling, fordi du har lært meg det\n\nHver gang jeg drar herfra, tenker du på meg da?\nHver gang jeg drar herfra, glem ikke løftet jeg ga:\n\nAldri i livet har jeg tenkt på å reise ifra deg\nAldri i livet, min venn, før jeg slår følge med vinden\n\nAldri i livet har jeg tenkt på å reise ifra deg\nAldri i livet, min venn, før jeg slår følge med vinden\n\n(Aldri i livet, aldri i livet)\n(Aldri i livet, aldri i livet)	https://youtube.com/watch?v=HnTmqt9rmDw	True	https://open.spotify.com/embed/track/5r6BaTfb8fODI4he90GFhr?utm_source=generator
421	1982	de	Germany	Nicole	Ein Bißchen Frieden	1.0		18.0		1.0	161.0							Ralph Siegel	Gunter Johansen	Wie eine Blume am Winterbeginn\nUnd so wie ein Feuer im eisigen Wind\nWie eine Puppe, die keiner mehr mag\nFühl ich mich an manchem Tag\n\nDann seh ich die Wolken, die über uns sind\nUnd höre die Schreie der Vögel im Wind\nIch singe aus Angst vor dem Dunkeln mein Lied\nUnd hoffe, dass nichts geschieht\n\nEin bisschen Frieden, ein bisschen Sonne\nFür diese Erde, auf der wir wohnen\nEin bisschen Frieden, ein bisschen Freude\nEin bisschen Wärme, das wünsch ich mir\n\nEin bisschen Frieden, ein bisschen Träumen\nUnd dass die Menschen nicht so oft weinen\nEin bisschen Frieden, ein bisschen Liebe\nDass ich die Hoffnung nie mehr verlier\n\nIch weiss, meine Lieder, die ändern nicht viel\nIch bin nur ein Mädchen, das sagt, was es fühlt\nAllein bin ich hilflos, ein Vogel im Wind\nDer spürt, dass der Sturm beginnt\n\nEin bisschen Frieden, ein bisschen Sonne\nFür diese Erde, auf der wir wohnen\nEin bisschen Frieden, ein bisschen Freude\nEin bisschen Wärme, das wünsch ich mir\n\nEin bisschen Frieden, ein bisschen Träumen\nUnd dass die Menschen nicht so oft weinen\nEin bisschen Frieden, ein bisschen Liebe\nDass ich die Hoffnung nie mehr verlier\n\nSing mit mir ein kleines Lied\n(Ein bisschen Frieden, ein bisschen Sonne)\n(Für diese Erde, auf der wir wohnen)\nDass die Welt in Frieden lebt\n(Ein bisschen Frieden, ein bisschen Freude)\n(Ein bisschen Wärme, das wünsch ich mir)\n\nSingt mit mir ein kleines Lied\n(Ein bisschen Frieden, ein bisschen Träumen)\n(Und dass die Menschen nicht so oft weinen)\nDass die Welt in Frieden lebt\n(Ein bisschen Frieden, ein bisschen Liebe)\n(Dass ich die Hoffnung nie mehr verlier)	https://youtube.com/watch?v=CJDxnWFqpiA	False	https://open.spotify.com/embed/track/5ZSfGGi8OF1vSSVNAWdQT1?utm_source=generator
438	1982	fi	Finland	Kojo	Nuku Pommiin	18.0		6.0		18.0	0.0							Jim Pembroke	Juice Leskinen	Jos joku nakkaa ydinkakkaa kohta tänne Eurooppaamme\nNiin mitä haastat, kun kaikki saastat sieltä kasvoillemme saamme\nJos joku viskaa pommin niskaan, niin sä tuskin huomaatkaan\n\n(Nuku tuuti, aa... aa... aa... tuuti)\n(Nuku tuuti, aa... aa... aa... tuuti)\n(Nuku tuuti, aa... aa... aa... tuuti)\n(Nuku tuuti, aa... aa... aa... tuuti)\n\nPommiin, pommiin, nuku pommiin, niin on helpompaa\nNuku pom, nuku pom, nuku pommiin, se rauhoittaa\n\nLiian kauan haaveillen nukuit alla taivaiden\nTukkaasi raastat vaan, käy neuvottelemaan\n\n(Nuku tuuti, aa... aa... aa... tuuti)\n(Nuku tuuti, aa... aa... aa... tuuti)\n\nJa nuku pommiin, pommiin, nuku pommiin, niin on helpompaa\nNuku pom, nuku pom, nuku pommiin, se rauhoittaa\n\nNyt jengi istuu, osallistuu neuvotteluseurantaan\nTieteen aivot ja toisten raivot, punoo salajuoniaan\nJos et sä herää tällä erää, niin et herää ollenkaan\n\n(Nuku tuuti, aa... aa... aa... tuuti)\n(Nuku tuuti, aa... aa... aa... tuuti)\n(Nuku tuuti, aa... aa... aa... tuuti)\n(Nuku tuuti, aa... aa... aa... tuuti)\n\nNuku pommiin, pommiin, nuku pommiin, niin on helpompaa\nNuku pom, nuku pom, nuku pommiin, se rauhoittaa\n\nPommiin, pommiin, nuku pommiin, niin on helpompaa\nNuku pom, nuku pom, nuku pommiin, se rauhoittaa	https://youtube.com/watch?v=MmpyXSXZcAA	True	https://open.spotify.com/embed/track/7ljT9FCbJgAlR2roPuYBRd?utm_source=generator
439	1983	lu	Luxembourg	Corinne Hermès	Si La Vie Est Cadeau	1.0		20.0		1.0	142.0							Jean-Pierre Millers	Alain Garcia	Nous, c'était du bleu\nUn ciel d'été, un océan transparent\nNous, nous étions deux\nEt l'on s'aimait à faire arrêter le temps\n\nMais le temps nous a trahis\nAlors pourquoi m'avoir promis la terre entière?\nNotre amour aurait suffi\nJe ne voulais pas d'un bonheur imaginaire\nSi la vie est cadeau\n\nSi la vie est un cadeau\nCadeau donné, cadeau repris, cadeau volé\nPrends l'amour comme un cadeau\nCadeau donné, cadeau repris, cadeau volé\nLe bonheur est trop court\n\nNous, c'était l'enfant que je voulais\nPour te l'offrir au printemps\n\nMais le temps a tous les droits\nAlors pourquoi m'avoir promis la terre entière\nEt l'enfant qui n'est pas là?\nC'est aujourd'hui mon seul bonheur imaginaire\nSi la vie est cadeau\n\nSi la vie est un cadeau\nCadeau donné, cadeau repris, cadeau volé\nPrends l'amour comme un cadeau\nCadeau donné, cadeau repris, cadeau volé\nLe bonheur est trop court\n\n(Si la vie est un cadeau)	https://youtube.com/watch?v=C6uKNJ8nS3o	False	https://open.spotify.com/embed/track/5jSTQn4s1a7cDcjFXKA8V4?utm_source=generator
457	1983	tr	Turkey	Çetin Alp and the Short Wave	Opera	19.0		6.0		19.0	0.0							Buğra Uğur	Aysel Gürel	İşte opera, heyecan fırtınası\nCoşar ruhumda, duyarım sönmez o aşkı\n\nBaleli aşk dolu, müzikli oyunlar\nUvertür, trio, duetto, korolar\nSaraydan kız kaçırma, ölmez La Traviata\n\nOpera, opera, opera, opera, opera\nOpera, opera, opera, opera, Carmen, Aida\nOpera, opera, bu gece operalarda\nTosca, Figaro, Fidelio var, coşkun aryalar\n\nLay lay la lay lay lay la lay la lay...\n(Opera, opera, opera, opera, opera)\nLay lay la lay lay lay la lay la lay...\n(Opera, opera, opera, opera), Carmen, Aida\nOpera, opera, bu gece operalarda\nTosca, Figaro, Fidelio var, coşkun aryalar\n\nİşte opera, Wagner ve Puccini\nMozart, Rossini, Verdi'nin ölmez eseri\n\nBaleli aşk dolu, müzikli oyunlar\nUvertür, trio, duetto, korolar\nSaraydan kız kaçırma, ölmez La Traviata\nÖlmez asla	https://youtube.com/watch?v=9fGfXAYvGlI	True	?
458	1983	es	Spain	Remedios Amaya	¿Quién Maneja Mi Barca?	19.0		7.0		19.0	0.0							José Miguel Evóras	Isidro Muñoz	Ay, ¿quién maneja mi barca, quién?\nQue a la deriva me lleva, ¿quién?\nAy, ¿quién maneja mi barca, quién?\nQue a la deriva me lleva, ¿quién?\n\nAy, ¿quién maneja mi barca?\nQue a la deriva me lleva\nAy, ¿quién maneja mi barca?\nQue a la deriva\nQue allí me lleva\n\nLas trenzas de tu madre, anda y dime quién\nQue dime quién se las peina, dime quién\nQue dime quién se las peina\n\nVoy a pedirle que me trence, anda y sí\nTu cabeza, mi cabeza, anda y sí\nTu cabeza, mi cabeza\nPor mucho que tú me pidas, yo te lo doy\n\nAy, ¿quién maneja mi barca, quién?\nQue a la deriva me lleva, ¿quién?\nAy, ¿quién maneja mi barca, quién?\nQue a la deriva me lleva, ¿quién?\n\nAy, ¿quién maneja mi barca?\nQue a la deriva me lleva\nAy, ¿quién maneja mi barca?\nQue a la deriva\nQue allí me lleva\n\nEl verde de tus ojos verdes, mírame\nQue mira que yo te mire, mírame\nQue mira que yo te mire\n\nEl verde como cualquier verde, mírame\nQue es verde que me persigue, mírame\nQue es verde que me persigue\nPor mucho que tú me pidas, yo te lo doy\n\nAy, ¿quién maneja mi barca, quién?\nQue a la deriva me lleva, ¿quién?\nAy, ¿quién maneja mi barca, quién?\nQue a la deriva me lleva, ¿quién?\n\nAy, ¿quién maneja mi barca?\nQue a la deriva me lleva\nAy, ¿quién maneja mi barca?\nQue a la deriva\nQue allí me lleva\n\nPor mucho que tú me pidas, yo te lo doy\n\nAy, ¿quién maneja mi barca, quién?\nQue a la deriva me lleva, ¿quién?\nAy, ¿quién maneja mi barca, quién?\nQue a la deriva me lleva, ¿quién?\n\nAy, ¿quién maneja mi barca, quién?\nQue a la deriva me lleva, ¿quién?\nAy, ¿quién maneja mi barca, quién?\nQue a la deriva me lleva, ¿quién?\n\nAy, ¿quién maneja mi barca, quién?\nQue a la deriva me lleva, ¿quién?\nAy, ¿quién maneja mi barca, quién?\nQue a la deriva me lleva, ¿quién?	https://youtube.com/watch?v=B3-0DLbQP2E	True	https://open.spotify.com/embed/track/0TWaqxvioVlbLIa1mGIN1z?utm_source=generator
459	1984	se	Sweden	Herrey's	Diggi-loo Diggy-ley	1.0		1.0		1.0	145.0							Torgny Söderberg	Britt Lindeborg	Blixtar och dunder, magiska under\nPlötsligt en dag har det hänt, åh... vilken tur\n(Du är en lyckofigur)\n\nEn dag i staden, (du gick där och tänkte)\nPå esplanaden, (då såg du nåt som blänkte)\nDet kändes som jag hade vingar\nÅh... vilken underbar dröm\n\nDiggi-loo diggi-ley, alla tittar på mig\nDär jag går i mina gyllne skor\nJag dansade omkring på gatan\nOch hela världen den log\n\nDiggi-loo diggi-ley, himlen öppnade sig\nDet är knappt man sina ögon tror\nÅh... jag börjar nästan sväva\nI mina gyllene skor\n\nJag har visioner för millioner\nGyllene dojor för dig och lyckan är gjord\n(Säg mer, vi tror på ditt ord)\n\nTänk dig ett hinder, (det flyger du över)\nVingar på skorna (är allt vad du behöver)\nÅh... jag kan bli vad jag önskar\nI min förtrollade värld\n\nDiggi-loo diggi-ley, alla tittar på mig\nDär jag går i mina gyllne skor\nJag dansade omkring på gatan\nOch hela världen den log\n\nDiggi-loo diggi-ley, himlen öppnade sig\nDet är knappt man sina ögon tror\nÅh... jag börjar nästan sväva\nI mina gyllene skor\n\nDet var en önskedröm men jag måste medge\nAtt när jag vaknade vakna' jag med glädje\nJag, en sång och en dansman\nÅh... åh...\n\nDiggi-loo diggi-ley, himlen öppnade sig\nDet är knappt man sina ögon tror\nÅh... jag ville gärna önska\nÅt alla gyllene skor\n\nÅh... jag ville gärna önska\nÅt alla gyllene skor	https://youtube.com/watch?v=UTFec_mrD-c	False	?
477	1984	at	Austria	Anita	Einfach Weg	19.0		13.0		19.0	5.0							Brigitte Seuberth	Walter Müller	Es war einfach Zeit, einmal abzuhauen\nEndlich raus, aus dem Trott, aus der Stadt, im Morgengrauen\nEs lag nicht an dir, es war einfach da\nUnd es tut mir nicht leid, und ich hab' nicht bereut, was geschah\n\nEinfach weg mit zwei Koffern in irgendein anderes Land\nEinfach weg von zu Haus, sonst verlier' ich noch den Verstand\nEinfach weg, ganz egal, was die anderen dazu sagen\nEinfach weg, ohne dich oder irgendwen andern zu fragen\n\nRette sich wer kann, ich muß einfach raus\nIch fang' von vorne an, ich halt' das nicht mehr aus\n\nIch hab' schon geglaubt, es wäre längst zu spät\nDas Gefühl, wenn dir alles nur mehr auf die Nerven geht\nEin bißchen allein, aber dafür frei\nUnd du steigst in den Zug, und dir ist im Moment alles einerlei\n\nEinfach weg mit zwei Koffern in irgendein anderes Land\nEinfach weg von zu Haus, sonst verlier' ich noch den Verstand\n\nRette sich wer kann, ich muß einfach raus\nIch fang' von vorne an, ich halt' das nicht mehr aus\n\nEinfach weg mit zwei Koffern und dann, irgendwohin\nEinfach weg, auch wenn ich vielleicht bald wieder bei dir bin\nEinfach weg mit zwei Koffern und dann, irgendwohin\nEinfach weg, auch wenn ich vielleicht bald wieder bei dir bin	https://youtube.com/watch?v=RylzE-ULCpY	True	https://open.spotify.com/embed/track/2qfclxfDjZc31tuok4ius6?utm_source=generator
478	1985	no	Norway	Bobbysocks	La Det Swinge	1.0		13.0		1.0	123.0							Rolf Løvland		Fra en radio strømmer gamle melodier\nOg jeg våkner opp og spør meg hva som skjer\nEr det bare drøm og fantasier\nNår jeg føler at det swinger mer og mer?\n\nLa det swinge, la det rock 'n' roll\nLa det swinge til du mister all kontroll\nOh hi oh...\nLa det swinge, la det rock 'n' roll\n\nLa musikken gå, la rytmen aldri stanse\nKan du kjenne at du lever her og nå?\nFøler du hvor gjerne du vil danse?\nOh... og hører du at hjertet slår og slår?\n\nLa det swinge, la det rock 'n' roll\nLa det swinge til du mister all kontroll\nOh hi oh...\nLa det swinge, la det rock 'n' roll\n\nFøler du hvor gjerne du vil danse?\nHører du at hjertet slår og slår\nOg slår?\n\nLa det swinge, la det rock 'n' roll\nLa det swinge til du mister all kontroll\nOh hi oh...\nLa det swinge, la det rock 'n' roll\n\nLa det swinge, la det rock 'n' roll\nLa det swinge til du mister all kontroll\nOh hi oh...\nLa det swinge, la det rock 'n'...\nSwinge, la det roll 'n'...\nSwinge, la det rock 'n' roll	https://youtube.com/watch?v=GAOefRmvlqo	False	https://open.spotify.com/embed/track/3IgpWvgCqZjqhsiKwzw1Q7?utm_source=generator
496	1985	be	Belgium	Linda Lepomme	Laat Me Nu Gaan	19.0		8.0		19.0	7.0							Pieter Verlinden	Bert Vivier	Laat me nu gaan, zeg niets meer, laat me nu gaan\nVoel je dan niet, jouw woorden helpen mij al lang niet meer\nToe, laat me gaan, vergeet me, laat me toch gaan\nZag je dan nooit dat zonder warmte geen liefde kan leven?\nEn ik mijn leven opnieuw wil dromen\nAlsof ik jou nooit had ontmoet?\n\nNooit wil ik weer bij jou zijn, jij doet me pijn\nNooit wil ik weer me door een ander laten leven\nRaak me niet aan, nee, raak me niet aan\nLaat me alleen, ik zag de wereld alleen door jouw ogen\nVoel me bedrogen, ik hield van jou\nDat heb jij nooit verstaan, nooit verstaan\n\nZie je nou wat ik jou steeds maar zeggen wou?\nDan weet je ook hoelang een lege nacht kan duren\nAls je hoopt en wacht, doodop en moegedacht\nBesef je nou dat iets in mij zal breken als ik jou verlaat?\n\nLaat me niet gaan, kijk me toch aan\nLaat me niet gaan, laat jij me zomaar gaan?	https://youtube.com/watch?v=tlqa2EVakU4	True	https://open.spotify.com/embed/track/6UkYDk7TbcBfO4uorMksKd?utm_source=generator
497	1986	be	Belgium	Sandra Kim	J'aime La Vie	1.0		13.0		1.0	176.0							Angelo Crisci;Jean-Paul Furnémont	Rosario Marino Atria	Je vois des gens courber le dos\nComme si la vie marquait zéro\nMoi, j'ai quinze ans et je te dis\nWhoa whoa...  j'aime la vie\n(J'aime la vie – la vie, toute la vie)\n\nIl faut y croire, j'ai moi aussi\nDes flashs d'espoir, des insomnies\nMais au total, à l'addition\nJ'aime l'horizon\n\nJ'aime, j'aime la vie\n(Même si c'est une folie)\nJ'aime, j'aime la vie\n(Bravo pour le défi)\nJ'aime, j'aime la vie\nNe m'en veuillez pas\nJe suis née comme ça\nJ'aime, j'aime la vie\n\nWhoa... et tant pis\nS'il pleut un peu beaucoup sur moi\nWhoa whoa... tu es là\n\nDevant Jacques Brel, devant Mozart\nJe m'sens petite, j'ai le cafard\nJe ne suis rien qu'une poussière\nDans cet univers\n(C'est la vie – la vie, toute la vie)\n\nMais dès qu'tu m'aimes, dès qu'tu souris\nMes joies s'enchaînent à l'infini\nY a plus de Brel, plus de Mozart\nMa vie redémarre\n\nJ'aime, j'aime la vie\n(Même si c'est une folie)\nJ'aime, j'aime la vie\n(Bravo pour le défi)\nJ'aime, j'aime la vie\nNe m'en veuillez pas\nJe suis née comme ça\nJ'aime, j'aime la vie\n\nTant pis s'il pleut un peu sur moi\n\nJ'aime, j'aime la vie\n(Même si c'est une folie)\nJ'aime, j'aime la vie\n(Bravo pour le défi)\nJ'aime, j'aime la vie\nNe m'en veuillez pas\nJe suis née comme ça\n\nJ'aime, j'aime la vie\n(Même si c'est une folie)\nJ'aime, j'aime la vie\n(Bravo pour le défi)\nPour les jours qui n'vont pas\nJ'ai un truc à moi\nJe compte sur toi\nJ'aime, j'aime la vie\n\nWhoa... et tant pis\nS'il pleut un peu beaucoup sur moi\nWhoa whoa... la vie – oui, tu es là	https://youtube.com/watch?v=AxWxqisw4_g	False	https://open.spotify.com/embed/track/0Kr57gzJjexm8TF0l0JPLD?utm_source=generator
516	1986	cy	Cyprus	Elpida	Tora Zo	20.0		15.0		20.0	4.0							Peter Yiannakis	Fivos Gavris;Peter Yiannakis	Enas galanos uranos\nKi amudhia hrisi i kardhia mu\nKe mes' ta onira mu\nOla tora yinonde horos\n\nMakrino nisi ksotiko\nPu ehis san krimeno luludhi\nSto kathe su tragudhi\nRythmiko, melodhiko skopo\n\nTora, tora zo, tora mono zo\nZo afta pu zusa sta onira mu\nTora, tora zo, tora mono zo\nTora zo ke s' eho stin kardhia mu\n\nTragudhane hilia pulia\nKi eyine o kosmos fiesta\nT' asteria tora dhes ta\nYinonde olotherma filia\n\nPezi to fengari krifto\nKe horevi pano sto kima\nOla piyenun prima\nSan ena hamoyelo gliko\n\nTora, tora zo, tora mono zo\nZo afta pu zusa sta onira mu\nTora, tora zo, tora mono zo\nTora zo ke s' eho stin kardhia mu\n\nOla, ola, ola yia horo\nMusiki, traguthi ke rythmo\nNana nanana...\nOla, ola, ola yia horo\nMusiki, traguthi ke rythmo\nNana nanana...\n\nTora, tora zo, tora mono zo\nZo afta pu zusa sta onira mu\nTora, tora zo, mono tora zo\nTora zo ke s' eho stin kardhia mu\n\nTora, tora zo, tora mono zo\nZo afta pu zusa sta onira mu\nTora, tora zo, mono, mono zo\nTora zo ke s' eho stin kardhia mu	https://youtube.com/watch?v=w0hVzY3IKxQ	True	?
517	1987	ie	Ireland	Johnny Logan	Hold Me Now	1.0		20.0		1.0	172.0							Johnny Logan		Don't, don't close your heart to how you feel\nDream, and don't be afraid the dream's not real\nClose your eyes, pretend it's just the two of us again\nMake believe this moment's here to stay\n\nTouch, touch me the way you used to do\nI know tonight could be all I'll have with you\nFrom now on, you'll be with someone else instead of me\nSo tonight, let's fill this memory\nFor the last time\n\nHold me now\nDon't cry, don't say a word\nJust hold me now\nAnd I will know\nThough we're apart\nWe'll always be together\nForever in love\nWhat do you say when words are not enough?\n\nTime, time will be kind once we're apart\nAnd your tears, tears will have no place in your heart\nI wish I... I could say how much I'll miss you when you're gone\nHow my love for you will go on and on and\n\nHold me now\nDon't cry, don't say a word\nJust hold me now\nAnd try to understand that\n\nI hope at last you've found\nWhat you've been searchin' for\nAnd though I won't be there anymore\nI will always love you\n\n(Hold me now)\n(Don't cry) Don't say a word\nJust hold me now\nAnd I will know\nThough we're apart\nWe'll always be together\nForever in love\nWhat do you say when words are not enough?\n\nWhat can I say?\nNow my words are not enough	https://youtube.com/watch?v=M6RjdihLfiA	False	https://open.spotify.com/embed/track/5Ee3eEEutXbUsMYGD2rbTT?utm_source=generator
538	1987	tr	Turkey	Seyyal Tanner & Lokomotif	Şarkım sevgi üstüne	22.0		10.0		22.0	0.0							Olcayto Ahmet Tuğsuz		Bir melodi (ve müzik ve) bir melodi\nBir melodi, dostluk, sevgi\n\nLa la la la... la la la la... la la la la la la la la la la...\nLa la la la la la la la la la...\nŞarkım sevgi üstüne\n\nYalan değil benim dünyam\nHayal değil gerçek rüyam\nBütün dünya duysun diye\nŞarkı yazdım üstüne\n\nBenim şarkım sevgi dolu\nBenim şarkım dostluk dolu\nBenim yolum aklın yolu\nYolum sevgi üstüne\n\nBir melodi, bir melodi\nBir melodi, dostluk, sevgi\n\nÖyle güzel, güzel ki hayat\nDünya güzel, dünya rahat\nDostluğunu şarkıma kat\nSöyle sevgi üstüne\n\nBir melodi (ve müzik ve) bir melodi\nBir melodi, dostluk, sevgi\n\nGüle güle, döne döne\nKoy elini el üstüne\nBütün dünya duysun diye\nŞarkım sevgi üstüne\n\nGüle güle, döne döne\nSar kolunu sar belime\nBütün dünya duysun diye\nŞarkım sevgi üstüne\nŞarkım sevgi üstüne\nŞarkım sevgi üstüne	https://youtube.com/watch?v=5F6k4FtDE_Y	True	https://open.spotify.com/embed/track/5sK4jEZuInsC3OUPemKwi8?utm_source=generator
539	1988	ch	Switzerland	Céline Dion	Ne Partez Pas Sans Moi	1.0		9.0		1.0	137.0							Atilla Şereftuğ	Nella Martinetti	Vous, qui cherchez l'étoile\nVous, qui vivez un rêve\nVous, héros de l'espace\nAu cœur plus grand que la terre\nVous, donnez-moi ma chance\nEmmenez-moi loin d'ici...\n\nNe partez pas sans moi\nLaissez-moi vous suivre\nVous, qui volez vers d'autres vies\nLaissez-moi vivre\n\nLa plus belle aventure\nLe plus beau voyage\nQui mène un jour\nSur des soleils, sur des planètes\nD'amour\n\nVous, les nouveaux poètes\nVous, les oiseaux magiques\nVous, vous allez peut-être\nTrouver de nouvelles musiques\nVous, donnez-moi ma chance\nJe veux chanter, moi aussi...\n\nNe partez pas sans moi\nLaissez-moi vous suivre\nVous qui volez vers d'autres vies\nLaissez-moi vivre\n\nLe bleu de l'infini\nLa joie d'être libre\nSur des rayons, sur des soleils\nSur des chansons, sur des merveilles\nEt dans un ciel\nD'amour\n\nLe bleu de l'infini\nLa joie d'être libre\nVous qui cherchez une autre vie\nVous qui volez vers l'an deux mille\nNe partez pas sans moi	https://youtube.com/watch?v=7E8vKSS0YwM	False	https://open.spotify.com/embed/track/0Kv4i96E41jbULmUajBYOe?utm_source=generator
559	1988	at	Austria	Wilfried	Lisa Mona Lisa	21.0		12.0		21.0	0.0							Klaus Kofler;Ronnie Herboltzheimer;Wilfried Scheutz		Sie schläft bei Tag und tanzt bei Nacht\nIch hör' sie weinen, wenn sie lacht\nUnd sie lacht immer wieder\n\nSie sieht bei Nacht und braucht kein Licht\nSie malt sich Märchen ins Gesicht\nUnd sie lacht, lacht mich nieder\n\nIrgendwann lern' ich dann, sie zu sehen\nIrgendwann fang' ich an\nKann ich hinter ihre Farben seh'n?\n\n(Lisa, Mona Lisa)\n(Lisa, Mona Lisa)\n\nSie lügt, doch sie belügt mich nicht\nSie trägt ihr Leben im Gesicht, und sie lebt\n\nIrgendwo ist sie so schwer zu sehen\nIrgendwo bin ich froh\nManchmal ihre Träume zu verstehen\n\nLisa, Mona Lisa\nLisa, Mona Lisa\n\nLisa, Mona Lisa\nLisa, Mona Lisa\n\nSie taumelt durch die Glitzerstadt\nSucht einen, der ein Lächeln hat für sie\nIrgendwie\n\nUnd irgendwie mag ich sie\nUnd irgendwie lieb' ich sie\nUnd irgendwann werd' ich sie auch versteh'n\n\nWhoa...\nLisa, Mona Lisa\nLisa, Mona Lisa\n\nLisa, Mona Lisa\nLisa, Mona Lisa\n\nLisa, oh Mona Lisa\nLisa, (Mona Lisa)	https://youtube.com/watch?v=1fKcQb3ZEG4	True	https://open.spotify.com/embed/track/71IqQHNYKR2bEa997LBS2o?utm_source=generator
560	1989	yu	Yugoslavia	Riva	Rock Me	1.0		22.0		1.0	137.0							Rajko Dujmić	Stevo Cvikić	Oh... whoa oh oh oh...\n\nOn cijele dane svir'o je na svom klaviru\nOn klasiku je svir'o po notnom papiru\nA svir'o je k'o pijanista – Mozarta, Chopena, Liszta\nJa novu pjesmu našla sam da svira\nWhoa  oh oh oh...\n\nRock me, baby, nije važno šta je\nRock me, baby, samo neka traje\nRock me, baby, ovo je za nervni stres\nWhoa oh oh oh...\n\nRock me, baby, nije važno šta je\nRock me, baby, samo neka traje\nRock me, baby, samo neka je za ples\n\nSad cijele dane čujem zvuk starog klavira\nTu pjesmu što se svira bez notnog papira\nJer klasika je da se sluša i da se njom opija duša\nA ova pjesma svira se za ples\nWhoa oh oh oh...\n\nRock me, baby, nije važno šta je\nRock me, baby, samo neka traje\nRock me, baby, ovo je za nervni stres\nWhoa oh oh oh...\n\nRock me, baby, nije važno šta je\nRock me, baby, samo neka traje\nRock me, baby, samo neka je za ples\nWhoa oh oh oh...\n\nRock me, baby, nije važno šta je\n(Ooh... rock, babe)\nRock me, baby, samo neka traje\n(Ooh... rock, rock, rock)\nRock me, baby, ovo je za nervni stres\n(Ooh... rock, babe)\n(Rock me, baby) Whoa oh oh oh...\n\nRock me, baby, nije važno šta je\n(Ooh... rock, babe)\nRock me, baby, samo neka traje\n(Ooh... rock, rock, rock)\nRock me, baby, samo neka je za ples\n(Ooh... rock, babe)\nSamo neka je za ples\n(Ooh... rock, rock, rock)\nSamo neka je za...\n(Ooh... rock, babe)\nWhoa oh oh oh... ples	https://youtube.com/watch?v=FcxeIpv1Gdk	False	https://open.spotify.com/embed/track/6t8m9JpxoBHrETKYjtrCY3?utm_source=generator
581	1989	is	Iceland	Daníel Augúst Haraldsson	Það Sem Enginn Sér	22.0		20.0		22.0	0.0							Valgeir Guðjónsson		Lýstu mina leið, lostafulli gamli máni\nÞótt gatan virðist greið er samt ýmislegt sem enginn sér\nVeröldin er full af fólki í leit að hamingjunni\nSem glóir eins og gull í glætunni, ó tungl, frá þér\n\nHorfðu aftur í augun á mér\nHorfðu aftur, ég bíð eftir þér\nHorfðu aftur í augun á mér\nOg þú færð að sjá það sem enginn sér\n\nAllir eiga þrá um eitthvað sem þeir engum segja\nÉg ætla ef ég má að eiga leyndarmál með þér\nLýstu mina leið, ó, þú lostafulli gamli máni\nÞótt gatan virðist greið er samt ýmislegt sem enginn sér\n\nHorfðu aftur í augun á mér\nHorfðu aftur, ég bíð eftir þér\nHorfðu aftur í augun á mér\nOg þú færð að sjá það sem enginn sér\n\nHorfðu aftur í augun á mér\nHorfðu aftur, ég bíð eftir þér\nHorfðu aftur í augun á mér\nOg þú færð að sjá það sem enginn sér	https://youtube.com/watch?v=ymMGcwcaIm8	True	-
582	1990	it	Italy	Toto Cutugno	Insieme: 1992	1.0		19.0		1.0	149.0							Salvatore Cutugno		Insieme, unite, unite, Europe\n\nCon te, così lontano e diverso\nCon te, amico che credevo perso\nIo e te, sotto lo stesso sogno\nInsieme, unite, unite, Europe\n\nE per te, donna senza frontiere\nPer te, sotto le stesse bandiere\nIo e te, sotto lo stesso cielo\nInsieme, unite, unite, Europe\n\nSempre più liberi noi\nNon è più un sogno e non sei più da solo\nSempre più in alto noi\nDammi una mano che prendiamo il volo\nL'Europa non è lontana\nC'è una canzone italiana per voi\nInsieme, unite, unite, Europe\n\nPer noi, nel cielo mille violini\nPer noi, amori senza confini\nIo e te, sotto gli stessi ideali, mmm...\nInsieme, unite, unite, Europe\n\nSempre più liberi noi\nNon è più un sogno e noi non siamo più soli\nSempre più uniti noi\nDammi una mano e vedrai che voli\nL'Europa non è lontana\nC'è una canzone italiana per voi\nInsieme, unite, unite, Europe\n\nSempre più liberi noi\n(Sempre più liberi)\nLe nostre stelle, una bandiera sola\nSempre più forti noi\n(Sempre più forti)\nDammi una mano e vedrai si vola\nL'Europa non è lontana\nC'è una canzone italiana per voi\nInsieme, unite, unite, Europe\n\nL'Europa non è lontana\nC'è una canzone italiana per voi\nInsieme, unite, unite, Europe	https://youtube.com/watch?v=enjaeemoBYE	False	https://open.spotify.com/embed/track/44noNMO0iv87Tds7dwcpQU?utm_source=generator
602	1990	no	Norway	Ketil Stokkan	Brandenburger Tor	21.0		9.0		21.0	8.0							Ketil Stokkan		En heil verden va' te' stede\nFørr å dele det som skjedde i høst\nVi så menneska gråte av glede\nOg ei grense åpne mot øst\nIngen kunne la vær, alle sammen va' der\nOg fick se (fick se) Brandenburger Tor\n\nHer står vi på Brandenburger Tor\nHånd i hånd som om det va' i går\nDu og æ på Brandenburger Tor\nVi ser Brandenburger Tor\nJa, vi ser Brandenburger Tor\n\nEt heilt folk ville leve\nOg førtelle om sin rike kultur\nVi så sannheta åpent på TV\nFra en bydel gjemt bak en mur\nByen løfta sitt slør, allting ser ut som før\nFørr oss (førr oss), på Brandenburger Tor\n\nHer står vi på Brandenburger Tor\nHånd i hånd som om det va' i går\nDu og æ på Brandenburger Tor\nVi ser Brandenburger Tor\n\nEtter mange lange år\nEn ny vår (ny vår) førr Brandenburger Tor\n\nHer står vi på Brandenburger Tor\nHånd i hånd som om det va' i går\nDu og æ på Brandenburger Tor\nVi ser Brandenburger Tor\n\n(Her står vi på Brandenburger Tor)\nHånd i hånd som om det va' i går\nDu og æ på Brandenburger Tor\nVi ser Brandenburger Tor\n\n(Her står vi på Brandenburger Tor)\nHånd i hånd som om det va' i går\nDu og æ på Brandenburger Tor\nVi ser Brandenburger Tor\nJa, vi ser Brandenburger Tor	https://youtube.com/watch?v=Ip1BpdO9G5Y	True	https://open.spotify.com/embed/track/0HQOUiYrcwv9B1RVd7bZBJ?utm_source=generator
603	1990	fi	Finland	Beat	Fri?	21.0		22.0		21.0	8.0							Janne Engblom;Kim Engblom;Tina Krause	Stina Engblom	Oo yeah...\n\nFri, om jag frågar dig, säger du ej nej\nFrihet har vi väl\nMen, om du frågar mig, vad vår frihet är\nSvarar jag så här:\n\nFri, vem av oss är fri?\nFri att tänka själv, att ärligt och stolt vara den vi är, whoa...\nRädd, rädd att göra fel, fångad i ett spel\nDär de som är lika får leka med, whoa...\n\nSäg, varför dessa krav\nVad gör mig så svag för ditt yttre skal?\nVem ger behoven fart?\nVem gör mig till slav under all reklam?\n\nFri, vem av oss är fri?\nFri att tänka själv, att ärligt och stolt vara den vi är, whoa...\nRädd, rädd att göra fel, fångad i ett spel\nDär de som är lika får leka med, whoa...\n\nWhoa... vem av oss är fri?\nFri att tänka själv, att ärligt och stolt vara den vi är, whoa...\nRädd, rädd att göra fel, fångad i ett spel\nDär de som är lika får leka med, whoa...\n\nFri, vem av oss är fri?\nFri att tänka själv, att ärligt och stolt vara den vi är, whoa...\nRädd, rädd att göra fel, fångad i ett spel\nDär de som är lika får leka med, whoa...\n\nFri?	https://youtube.com/watch?v=7EEw7xAvjjE	True	-
604	1991	se	Sweden	Carola	Fångad Av En Stormvind	1.0		8.0		1.0	146.0							Stephan Berg		Jag har aldrig slutat tro\nAtt efter varje natt väntar gryningen\nFast jag inte kan förstå\nSå finns det tid för skratt när jag börjar om igen\n\nKänner doften från en stilla ocean\nPlötsligt står jag i en levande orkan\n\nJag är fångad av en stormvind, fast för dig\nIngenting kan hindra mig när det blåser i mitt hjärta\nFångad av en stormvind natt och dag\nHär finns bara du och jag, och det ljus som himlen lämnat kvar\n\nDet är dags att ge sig av\nFör stunder som har flytt kommer aldrig mer\nReser ut på öppet hav\nDär allting blir som nytt i den framtid som du ger\n\nUtan saknad lämnar jag min trygga hamn\nFri men ändå bunden till en öppen famn\n\nJag är fångad av en stormvind, fast för dig\nIngenting kan hindra mig när det blåser i mitt hjärta\nFångad av en stormvind natt och dag\nHär finns bara du och jag, och det ljus som himlen lämnat kvar\n\nVi går tillsammans, förenad av kärlekens band\nMin längtan vaknar när du ler och räcker mig din hand\n\nJag är fångad av en stormvind\nFångad av en stormvind, (fast för dig)\nIngenting kan hindra mig när det blåser i mitt hjärta\nFångad av en stormvind natt och dag\nHär finns bara du och jag, och det ljus som himlen lämnat kvar\n\n(Fångad av en stormvind)\nJag är fångad av en stormvind	https://youtube.com/watch?v=7wnS4nu-bOc	False	https://open.spotify.com/embed/track/06xX9E1BTTwyOwyaBuszSK?utm_source=generator
625	1991	at	Austria	Thomas Forstner	Venedig Im Regen	22.0		6.0		22.0	0.0							Hubert Moser;Robby Musenbichler;Wolfgang Eltner		Lichter im Regen, ich hab' dich gesehen\nEin Lächeln wie sanfte Magie\nVerzaubert, erfroren, ganz in dir verloren\nGefühle so tief wie die Nacht\n\nStilles Begreifen und Sehnsucht nach mehr\nZärtliche Augen, will dir gehör'n\n\nVenedig im Regen\nLass uns diese Nacht einfach träumen (Träumen...)\nVenedig im Regen\nBis ans Ende der Nacht einfach träumen\n\nDein Atem ganz leicht, an meiner Schulter vergraben\nDein Zauber ganz tief in mir\nErfühlen, erahnen, von dir fortgetragen\nBei dir sein und doch nicht hier\n\nStilles Begreifen und Sehnsucht nach mehr\nZu zärtliche Augen, will dir gehör'n\n\nVenedig im Regen\nLass uns diese Nacht einfach träumen (Träumen...)\nVenedig im Regen\nBis ans Ende der Nacht einfach träumen\n\nVenedig im Regen\n(Lass uns diese Nacht) einfach träumen (Träumen...)\nVenedig im Regen\nBis ans Ende der Nacht einfach träumen\n\nVenedig im Regen\n(Lass uns diese Nacht) einfach träumen\nTräumen	https://youtube.com/watch?v=3yUNN052q8M	True	-
626	1992	ie	Ireland	Linda Martin	Why Me	1.0		17.0		1.0	155.0							Johnny Logan		Sometimes I watch you passing by my window\nAnd sometimes I watch you passing through my dreams\nAnd sometimes, when I look at you\nYou take my breath away\n\nSometimes I try and understand your reasons\nYou choose to feel the way you feel about me\nAnd sometimes, when I turn around\nAnd you're there, like today\nI wanna say:\n\nWhy me?\nI look at you and I get to feeling\nWhy me? (Why me? Ooh...)\nI know it's true but I can't believe it\nI keep on wonderin' why\nMy love shines in your eyes\nWhy me?\nI look at you and I ask myself\nWhy me?\n\nSometimes I lie awake and watch you sleeping\nAnd listen to the beating of your heart\nAnd sometimes, when you're lyin' there\nYou take my breath away\nAnd I wanna say\n\nWhy me?\nI look at you and I get to feeling\nWhy me? (Why me? Ooh...)\nI know it's true but I can't believe that it's me\nWho's gonna be holdin' you in my arms tonight\nAnd why it's me\nWho's gonna be the one to make you feel all right\nTonight\n\nWhy me?\nI look at you and I get to feeling\nWhy me? (Why me? Ooh...)\nI know it's true but I can't believe it\nI keep on wonderin' why\nMy love shines in your eyes\nWhy me?\nI look at you and I ask myself\nWhy me?\n\nWhy me?	https://youtube.com/watch?v=-g7Q7R3SIkI	False	https://open.spotify.com/embed/track/3Y81Q8dLI74Mgi1wbXvscv?utm_source=generator
648	1992	fi	Finland	Pave	Yamma Yamma	23.0		12.0		23.0	4.0							Pave Maijanen	Hector	(Yamma yamma yamma yamma yamma yamma yamma ya...)\n(Yamma yamma yamma yamma yamma yamma yamma ya...)\n\nSiitä aikaa on kun putkiradiota kuunneltiin\nAjatuksissamme tuota laatikkoa muunneltiin\n\nSen sisällä sata oli soittajaa\nNe oli pieniä, eikä niitä nähdä saa\nYammaillaan ja kuunnellaan saundeja vanhan radion\nSe soi kuin stadion vaikka niin snadi on\n\n(Yamma yamma yamma yamma yamma yamma yamma ya...)\n(Yamma yamma yamma yamma yamma yamma yamma ya...)\n\nKun lauloi radiossa Sinatra tai John Lennon\nNoissa tuokioissa siemeniä onnen on\nO o o...\n\n(Yamma yamma yamma yamma yamma yamma yamma ya...)\n(Yamma yamma yamma yamma yamma yamma...)\n\nSen sisällä sata oli soittajaa\nNe oli pieniä, eikä niitä nähdä saa\nYammaillaan ja kuunnellaan saundeja vanhan radion\nSe soi kuin stadion vaikka niin snadi on\n\n(Yamma yamma yamma yamma yamma yamma yamma ya...)\n(Yamma yamma yamma yamma yamma yamma yamma ya...)\n\n(Yamma yamma yamma yamma yamma yamma yamma ya...)\n(Yamma yamma yamma yamma yamma yamma yamma ya...)	https://youtube.com/watch?v=04wdmE1l20k	True	-
649	1993	ie	Ireland	Niamh Kavanagh	In Your Eyes	1.0		14.0		1.0	187.0							Jimmy Walsh		Showing no emotion, my feelings locked inside\nI made myself an island, trying to take my heart and hide\nI built a wall around me, afraid of letting go\nBut suddenly an open door I never saw before\n\nIn your eyes (Your eyes)\nI see the light leading me home again\nIt's heaven in your arms, my love\nMy heart is in your hands\n(Heaven in your arms)\nIn your eyes (Your eyes)\nSeems so right\nI see forever in your smile\nThis woman is a child again\n(In your eyes)\n\nLove's been building bridges between your heart and mine\nI'm safe here on my island, but I'm out on the edge this time\nI built a wall around me, thought I'd save myself the pain\nYour touch swept me away, now I'll never play it safe again\n\nIn your eyes (Your eyes)\nI see the light leading me home again\nIt's heaven in your arms, my love\nMy heart is in your hands\n(Heaven in your arms)\nIn your eyes (Your eyes)\nSeems so right\nI see forever in your smile\nThis woman is a child again\n\nI've never been this close\nHow do I know love will survive?\nI'm walking a tightrope\nHere, in your arms, I'm alive\n\nI'm in your eyes (Your eyes)\nI see the light\nI see forever in your smile\nThis woman is a child again\n\nI'm in your eyes (In your eyes)\n(I see the light leading me home again)\nI see the light, I see the light\n(It's heaven in your arms, my love)\n(My heart is in your hands)\nWhoa...\n(In your eyes, feels so right)\nI see forever in your smile\nThis woman is a child again\nWhen I look in your eyes	https://youtube.com/watch?v=ysLHYx0c80s	False	https://open.spotify.com/embed/track/2nS3jeyYlis2CULAuZKEqN?utm_source=generator
673	1993	be	Belgium	Barbara	Iemand Als Jij	25.0		7.0		25.0	3.0							Marc Vliegen	Tobana	Ik heb nog nooit iemand zo lief gehad\nAl m'n twijfels zijn voorgoed voorbij\nNooit had ik eerder dat fijn gevoel\nJij bent alles wat ik bedoel\n\nIn je ogen zie ik dat hemelsblauw\nEen warm gevoel waar ik van hou\nIk heb nog nooit iemand zo lief gehad\nZo een iemand als jij\n\nWaar ik ook ben, jij zult bij me zijn\nMet jou vind ik steeds de juiste weg\nOh... ik heb nog nooit iemand zo lief gehad\nZo een iemand als jij\n\nJij zult altijd in mijn gedachten zijn\nWat er ook met ons gebeuren mag\nWeet heel zeker dat ik op je wacht\nZelfs in 't midden van de nacht\n\nJij geeft mij vleugels, dat vrije gevoel\nDat is het nu juist wat ik bedoel\nIk heb nog nooit iemand zo lief gehad\nZo een iemand als jij\nZo een iemand als...\n\nIemand als jij	https://youtube.com/watch?v=pIRN5fO-20M	True	-
674	1994	ie	Ireland	Paul Harrington & Charlie McGettigan	Rock 'n' Roll Kids	1.0		3.0		1.0	226.0							Brendan J. Graham		I remember sixty-two\nI was sixteen and so were you\nAnd we lived next door on the avenue\n\nJerry Lee was big and Elvis too\nBlue jeans and blue suede shoes\nAnd we never knew what life held in store\nWe just wanted to rock 'n' roll forever more\n\nWe were the rock 'n' roll kids\nRock 'n' roll was all we did\nAnd listenin' to those songs on the radio\nI was yours and you were mine\nThat was once upon a time\nNow we never seem to rock 'n' roll anymore\n\nNow Johnny's in love with the girl next door\nAnd Mary's down at the record store\nThey don't wanna be around us no more\n\nGolden oldies, but we hardly speak\nToo busy running to a different beat\nHard to understand we were once like them\nHow I wish we could find those rock 'n' roll days again\n\nWe were the rock 'n' roll kids\nRock 'n' roll was all we did\nAnd listenin' to those songs on the radio\nI was yours and you were mine\nThat was once upon a time\nNow we never seem to rock 'n' roll anymore\n\nI was yours and you were mine\nThat was once upon a time\nNow we never seem to rock 'n' roll\nWe just never seem to rock 'n' roll anymore	https://youtube.com/watch?v=429dqUEseTU	False	https://open.spotify.com/embed/track/4qVX2nHuFlVNp6AOVrDBGb?utm_source=generator
698	1994	lt	Lithuania	Ovidijus Vyšniauskas	Lopšinė mylimai	25.0		16.0		25.0	0.0							Ovidijus Vyšniauskas	Gintaras Zdebskis	Tavo lūpos kvepia lietumi\nNuodėmė paliesti jas, išsipildymo meldžiu\nSapnas mano į tave įeis\nLikti tamsoje vienai neleis\n\nMano neliesta styga\nTu man neliesta\nMano sapnas į tave\nLieja svaigų vyną mūsų naktyje\n\nJau ir visi nakties žiedai akis užmerkė\nTik tavo toks gilus dangus\nGėlės kaip ir tu be meilės verkia\nIr sapnuoja tous pačius sapnus\n\nMano neliesta styga\nTu man neliesta\nMano sapnas į tave\nLieja svaigų vyną naktyje\n\nMano neliesta styga\nTu man neliesta\nMano sapnas į tave\nLieja svaigų vyną naktyje	https://youtube.com/watch?v=PWmh95boVZY	True	https://open.spotify.com/embed/track/29DxcGyi0zbn2DvmfktaL5?utm_source=generator
699	1995	no	Norway	Secret Garden	Nocturne	1.0		5.0		1.0	148.0							Rolf Løvland	Petter Skavland	La dagen få sin hvile nå\nOg natten vil våke for den\nNocturne\n\nSelv mørket må en gang forgå\nSå natten kan føde en dag	https://youtube.com/watch?v=6qqOI04uo_c	False	https://open.spotify.com/embed/track/6bk11TH82XrT5QUC1gDw9A?utm_source=generator
721	1995	de	Germany	Stone and Stone	Verliebt In Dich	23.0		3.0		23.0	1.0							Cheyenne Stone		Manchmal, wenn ich ratlos bin\nUnd mein Glaube sich verirrt\nTief in mir die Trauer brennt\nJage nur hinter Träumen her\n\nIst mein Leben endlos leer?\nFinde keinen Frieden mehr\nSehnsucht schreit – Geborgenheit\nDoch Du bist da neben mir\nHey...\n\nKennst du das Gefühl?\nDu bist allein und die Seele friert\nMensch sein ist so schwer\nTraue Deinem Engel tief in Dir\n\nGlaub mir, ich steh zu Dir\nDu allein bist der Grund dafür\nIch fühle Dich nah, so nah bei mir\nFängst alle meine Tränen auf\n\nOh Lord, bin verliebt in Dich\nKann mich nicht wehren, nicht zu erklären\nWas zwischen Himmel und Erde geschieht\nOh Lord, bin verliebt in Dich\nKann mich nicht wehren, nicht zu erklären\nErinnerung bleibt und erzählt von Dir\nAllein Du bist der Grund dafür\n\nAngst, ich lass dich weiter ziehen\nHab dich oft genug erkannt\nIch weiss, mir kann jetzt nichts passieren\nTrage ein Herz voll Licht in mir\n\nStille Nacht, ich traue Dir\nFür mich gibt es keine Zweifel mehr\nKann Dich niemals mehr verlieren\nEin Traum wird wahr, nur mit Dir\n\nOh Lord, bin verliebt in Dich\nKann mich nicht wehren, nicht zu erklären\nWas zwischen Himmel und Erde geschieht\nOh Lord, bin verliebt in Dich\nKann mich nicht wehren, nicht zu erklären\nErinnerung bleibt und erzählt von Dir\nAllein Du bist der Grund dafür\n\nDu kannst meine Seele sehen\nAll das Licht in ihr gehört nur Dir\n\nOh... bin verliebt in Dich\nKann mich nicht wehren, nicht zu erklären\nWas zwischen Himmel und Erde geschieht\nBin so verliebt in Dich (Bin so verliebt in Dich)\nBin so verliebt in Dich (Bin so verliebt...)	https://youtube.com/watch?v=3jGi32Xqg8g	True	-
722	1996	ie	Ireland	Eimear Quinn	The Voice	1.0		17.0		1.0	162.0							Brendan J. Graham		"I hear your voice on the wind\nAnd I hear you call out my name\n\n""Listen my child,"" you say to me\n""I am the voice of your history""\n""Be not afraid, come follow me""\n""Answer my call and I'll set you free""\n\nI am the voice in the wind and the pouring rain\nI am the voice of your hunger and pain\nI am the voice that always is calling you\nI am the voice, I will remain\n\nI am the voice in the fields when the summer's gone\nThe dance of the leaves when the autumn winds blow\nNe'er do I sleep throughout all the cold winter long\nI am the force that in springtime will grow\n\nI am the voice of the past that will always be\nFilled with my sorrows and blood in my fields\nI am the voice of the future\nBring me your peace\nBring me your peace and my wounds, they will heal\n\nI am the voice in the wind and the pouring rain\nI am the voice of your hunger and pain\nI am the voice that always is calling you\nI am the voice\n\nI am the voice of the past that will always be\nI am the voice of your hunger and pain\nI am the voice of the future\nI am the voice\nI am the voice\nI am the voice\nI am the voice"	https://youtube.com/watch?v=JPSZxPGv7dI	False	https://open.spotify.com/embed/track/6SA7BxY6zh5SaxUBp3tCtb?utm_source=generator
744	1996	fi	Finland	Jasmine	Niin Kaunis On Taivas	23.0		18.0		23.0	9.0							Timo Niemi		Niin kaunis on taivas, kaunis on maa\nMe tähtien loisteessa yö kuljetaan\nRannalle kun käsikkäin saavutaan\nLuonas olla tahdon vaan\n\nJoka sekunnin, jonka kanssas olla saan\nJoka minuutin, tunnen yhä varmemmin\nRakkaus ikuinen, kohtalomme yhteinen\nSe uni suloinen, kuin on\n\nNiin kaunis on taivas, kaunis on maa\nMe tähtien loisteessa yö kuljetaan\nRannalle kun käsikkäin saavutaan\nLuonas olla tahdon vaan\n\nJoka sekunnin, jonka luonas olla saan\nJoka minuutin, tunnen yhä paremmin\nVoima tunteiden, meille sykkii rakkauden\nSe uni suloinen kuin on, on\n\nNiin kaunis on taivas, kaunis on maa\nMe tähtien loisteessa yö kuljetaan\nRannalle kun käsikkäin saavutaan\nLuonas olla tahdon vaan\n\nNiin kaunis on taivas, kaunis on maa\nMe tähtien loisteessa yö kuljetaan\nRannalle kun käsikkäin saavutaan\nLuonas olla tahdon vaan\nLuonas olla tahdon vaan\nLuonas olla tahdon vaan	https://youtube.com/watch?v=ix686JwXJik	True	https://open.spotify.com/embed/track/5s1mnyZYPHcxtZVwUQatsh?utm_source=generator
745	1997	gb	United Kingdom	Katrina and The Waves	Love Shine A Light	1.0		24.0		1.0	227.0							Kimberley Rew		Love, shine a light in every corner of my heart\nLet the love light carry, let the love light carry\nLight up the magic in every little part\nLet our love shine a light in every corner of our hearts\n\nLove, shine a light in every corner of my dream\nLet the love light carry, let the love light carry\nLike the mighty river flowin' from the stream\nLet our love shine a light in every corner of my dream\n\nAnd we're all gonna shine a light together\nAll shine a light to light the way\nBrothers and sisters in every little part\nLet our love shine a light in every corner of our hearts\n\nLove, shine a light in every corner of the world\nLet the love light carry, let the love light carry\nLight up the magic for every boy and girl\nLet our love shine a light in every corner of the world\n\nAnd we're all gonna shine a light together\nAll shine a light to light the way\nBrothers and sisters in every little part\nLet our love shine a light in every corner of our hearts\n\nAnd we're all gonna shine a light together\nAll shine a light to light the way\nBrothers and sisters in every little part\nLet our love shine a light in every corner of our hearts\n\nShine a light in every corner of our hearts	https://youtube.com/watch?v=azw4Kh8Rqpw	False	https://open.spotify.com/embed/track/0WdBh2BQOq9U7PMk6sWzMz?utm_source=generator
768	1997	no	Norway	Tor Endresen	San Francisco	24.0		3.0		24.0	0.0							Arne Myksvoll;Tor Endresen	Tor Endresen	"Det føles ennå som det var i går\nDa alle sang: ""Make love, not war ""\nOg hele verden hadde lengre hår\nDet føles som det var i går\n\nDa det å være bror og søster var in\nCalifornia dreamin' \nDe store spørsmål og et åpent sinn\nSvarene was blowin' in the wind \n\nOh... kjærlighetstid i San Francisco\nDrømmen om fred, en ungdoms vår\nIngen gevær, no war, no disco \nKun vakre blomster i ditt hår\n\nDa alle surfet på en god vibrasjon\nOg USA fikk sin man on the moon \nOg Jimi Hendrix spilte ild og pasjon\nI Woodstock for en ny generasjon\n\nYeah... da var det sterkt å være ung og fri\nLivet hadde bedre tid\nOg hele verden hadde lengre hår\nDet føles som det var i går\n\nYeah yeah... kjærlighetstid i San Francisco\nDrømmen om fred, en ungdoms vår\nOoh yeah... ingen gevær, no war, no disco \nKun vakre blomster i ditt hår\n\nOver jorden lød Lennons sang:\n""Love, love, love ""\nMed bud om at kjærlighet gjør alle fri\nOm vi ikke lar den fare forbi\n\nKjærlighetstid i San Fran...\nKjærlighetstid i San Francisco\nDrømmen om fred, en ungdoms vår\nOoh yeah... ingen gevær, no war, no disco \nKun vakre blomster i ditt...\nKun vakre blomster i ditt hår\nOh yeah..."	https://youtube.com/watch?v=HdcwLB2kXFs	True	https://open.spotify.com/embed/track/5YXG7ZXvVAzT7yxT5EUp3C?utm_source=generator
769	1997	pt	Portugal	Célia Lawson	Antes Do Adeus	24.0		15.0		24.0	0.0							Rodrigues Lobato de Faria;Thilo Krassman	Rosa Lobato de Faria;Rosa Maria de Bettencourt	Antes do adeus, a aventura\nAntes do adeus, a loucura\nAntes do adeus, a ternura\nJuras ao luar, e a canção do mar, porque...\n\nAntes do adeus (Tuas trovas, teus lamentos)\nImproviso (Ouvia-se em toda a rua)\nAntes do adeus (Na outra esquina do vento)\nNo sorriso (Na outra face da lua)\n\nAntes do adeus (Os teus sonhos eram meus)\nParaíso (A minha videira tua)\nLemos os sinais (Antes de dizer adeus)\nE até fomos imortais\n\nE à noite um rio, onde o sol se pôs\nMeu corpo, um navio na maré da tua voz\nSons ao desafio, a vibrar por nós\nE a luz da manhã era mágica\n\nAntes do adeus (Devolveste os meus poetas)\nA desfeita (Nos teus olhos vi rancor)\nAntes do adeus (Houve palavras secretas)\nA suspeita (No avesso do amor)\n\nAntes do adeus (Onde escondeste, maldosa)\nImperfeita (Um livro de Saramago)\nA partilha a dois (E um disco do Abrunhosa)\nP'ra lembrar depois, mas...\n\nO azul do céu deixou de ser verdade\nEm cinzas morreu a magia da cidade\nNo meu olhar nasceu a sombra da ansiedade\nE a dor silenciou toda a música\n\nO azul do céu deixou de ser verdade\nEm cinzas morreu a magia da cidade\nNo meu olhar nasceu a sombra da ansiedade\nE a dor silenciou toda a música\n\nDepois do adeus, a saudade	https://youtube.com/watch?v=baz_0VUO4j8	True	https://open.spotify.com/embed/track/7nTUoVkGcpw5XLQm8BXAwb?utm_source=generator
